{
  "id": "c56a28eb-5421-458b-b95d-3a3d259363c5",
  "generation": 1,
  "iteration": 7,
  "current_iteration": 15,
  "metrics": {
    "combined_score": 0.08261401069195577,
    "metrics": {
      "converged": true,
      "iters": 12,
      "combined_score": 0.08261401069195577
    },
    "artifacts": {
      "status": "CONVERGED",
      "iterations": 12,
      "eval_time": "0.008s"
    }
  },
  "language": "python",
  "timestamp": 1768219133.109437,
  "saved_at": 1768219235.789751
}