{
  "id": "11786e26-c1e9-426e-b2e2-a047bc7cda79",
  "generation": 3,
  "iteration": 27,
  "current_iteration": 50,
  "metrics": {
    "combined_score": 0.08292794781575066,
    "metrics": {
      "converged": true,
      "iters": 12,
      "combined_score": 0.08292794781575066
    },
    "artifacts": {
      "status": "CONVERGED",
      "iterations": 12,
      "eval_time": "0.016s"
    }
  },
  "language": "python",
  "timestamp": 1768219403.311937,
  "saved_at": 1768219710.634783
}