{
  "id": "466ccb4e-8916-476e-ba50-128f90b7ad16",
  "generation": 2,
  "iteration": 20,
  "current_iteration": 20,
  "metrics": {
    "combined_score": 0.08292338142301477,
    "metrics": {
      "converged": true,
      "iters": 12,
      "combined_score": 0.08292338142301477
    },
    "artifacts": {
      "status": "CONVERGED",
      "iterations": 12,
      "eval_time": "0.045s"
    }
  },
  "language": "python",
  "timestamp": 1768219294.700116,
  "saved_at": 1768219294.766936
}